company,top_topic,P_0,RD_0,P_1,RD_1,P_2,RD_2,P_3,RD_3,P_4,RD_4,P_5,RD_5,P_6,RD_6,year
平安银行,1,0.000019 ,0.000019 ,0.999902 ,2.325150 ,0.000013 ,0.000013 ,0.000016 ,0.000016 ,0.000017 ,0.000017 ,0.000017 ,0.000017 ,0.000017 ,0.000017 ,2024
万科A,4,0.000037 ,0.000037 ,0.321415 ,0.327681 ,0.000026 ,0.000026 ,0.000032 ,0.000032 ,0.678423 ,0.758242 ,0.000034 ,0.000034 ,0.000033 ,0.000033 ,2024
深物业A,3,0.000147 ,0.000147 ,0.161535 ,0.162274 ,0.000104 ,0.000104 ,0.735453 ,0.845755 ,0.102494 ,0.102678 ,0.000135 ,0.000135 ,0.000132 ,0.000132 ,2024
沙河股份,2,0.039118 ,0.039128 ,0.000480 ,0.000480 ,0.516938 ,0.546740 ,0.000743 ,0.000744 ,0.000770 ,0.000770 ,0.000798 ,0.000798 ,0.441153 ,0.458613 ,2024
特  力Ａ,6,0.220847 ,0.222782 ,0.111458 ,0.111697 ,0.000123 ,0.000123 ,0.000149 ,0.000149 ,0.000154 ,0.000155 ,0.000160 ,0.000160 ,0.667108 ,0.741907 ,2024
飞亚达,6,0.000343 ,0.000343 ,0.000190 ,0.000190 ,0.000242 ,0.000242 ,0.000294 ,0.000294 ,0.458537 ,0.478394 ,0.000316 ,0.000316 ,0.540077 ,0.574755 ,2024
深深房Ａ,4,0.000230 ,0.000230 ,0.071831 ,0.071894 ,0.210098 ,0.211757 ,0.000197 ,0.000197 ,0.473141 ,0.495198 ,0.244295 ,0.246942 ,0.000207 ,0.000207 ,2024
神州数码,4,0.461852 ,0.482193 ,0.000061 ,0.000061 ,0.000077 ,0.000077 ,0.000094 ,0.000094 ,0.537716 ,0.571870 ,0.000101 ,0.000101 ,0.000099 ,0.000099 ,2024
中集集团,6,0.072771 ,0.072837 ,0.000026 ,0.000026 ,0.000033 ,0.000033 ,0.000040 ,0.000040 ,0.000042 ,0.000042 ,0.216952 ,0.218784 ,0.710134 ,0.805734 ,2024
深纺织Ａ,3,0.000098 ,0.000098 ,0.000054 ,0.000054 ,0.000069 ,0.000069 ,0.532899 ,0.566002 ,0.223594 ,0.225605 ,0.243197 ,0.245806 ,0.000088 ,0.000088 ,2024
京基智农,0,0.556055 ,0.594461 ,0.000049 ,0.000049 ,0.000063 ,0.000063 ,0.000076 ,0.000076 ,0.443595 ,0.461378 ,0.000082 ,0.000082 ,0.000080 ,0.000080 ,2024
深天马Ａ,5,0.000181 ,0.000181 ,0.000100 ,0.000100 ,0.000127 ,0.000127 ,0.000155 ,0.000155 ,0.227151 ,0.229262 ,0.772123 ,0.907834 ,0.000163 ,0.000163 ,2024
深 赛 格,4,0.000167 ,0.000167 ,0.000093 ,0.000093 ,0.357702 ,0.366518 ,0.186200 ,0.187342 ,0.455534 ,0.474959 ,0.000154 ,0.000154 ,0.000151 ,0.000151 ,2024
深圳华强,4,0.335475 ,0.342655 ,0.000033 ,0.000033 ,0.000042 ,0.000041 ,0.000050 ,0.000050 ,0.664293 ,0.737890 ,0.000054 ,0.000054 ,0.000053 ,0.000053 ,2024
中兴通讯,4,0.318773 ,0.324877 ,0.252126 ,0.255046 ,0.000034 ,0.000034 ,0.000042 ,0.000042 ,0.428936 ,0.444849 ,0.000045 ,0.000045 ,0.000044 ,0.000044 ,2024
北方国际,2,0.396469 ,0.408764 ,0.000039 ,0.000039 ,0.490431 ,0.515329 ,0.000060 ,0.000060 ,0.112873 ,0.113121 ,0.000065 ,0.000065 ,0.000063 ,0.000063 ,2024
华控赛格,4,0.000063 ,0.000063 ,0.000035 ,0.000035 ,0.000045 ,0.000045 ,0.000054 ,0.000054 ,0.999686 ,2.204692 ,0.000058 ,0.000058 ,0.000057 ,0.000057 ,2024
华侨城Ａ,4,0.000211 ,0.000211 ,0.111358 ,0.111596 ,0.000149 ,0.000149 ,0.000181 ,0.000181 ,0.887718 ,1.158999 ,0.000194 ,0.000194 ,0.000190 ,0.000190 ,2024
华数传媒,4,0.000383 ,0.000383 ,0.123381 ,0.123706 ,0.000270 ,0.000270 ,0.000329 ,0.000329 ,0.874938 ,1.124588 ,0.000353 ,0.000353 ,0.000346 ,0.000346 ,2024
中联重科,6,0.000055 ,0.000055 ,0.000030 ,0.000030 ,0.000039 ,0.000039 ,0.000047 ,0.000047 ,0.000049 ,0.000049 ,0.000051 ,0.000051 ,0.999729 ,2.220769 ,2024
国际实业,5,0.000263 ,0.000263 ,0.042525 ,0.042538 ,0.000185 ,0.000185 ,0.177076 ,0.178055 ,0.000233 ,0.000233 ,0.516269 ,0.545938 ,0.263449 ,0.266798 ,2024
申万宏源,1,0.002293 ,0.002292 ,0.633568 ,0.695116 ,0.001617 ,0.001617 ,0.001967 ,0.001967 ,0.002036 ,0.002036 ,0.002111 ,0.002112 ,0.356408 ,0.365122 ,2024
美的集团,6,0.063166 ,0.063209 ,0.000021 ,0.000021 ,0.000026 ,0.000026 ,0.000032 ,0.000032 ,0.000033 ,0.000033 ,0.000034 ,0.000034 ,0.936689 ,1.324337 ,2024
潍柴动力,4,0.000052 ,0.000052 ,0.000029 ,0.000029 ,0.000037 ,0.000037 ,0.000045 ,0.000045 ,0.980208 ,1.593812 ,0.000048 ,0.000048 ,0.019582 ,0.019584 ,2024
冀东水泥,3,0.000092 ,0.000092 ,0.000051 ,0.000051 ,0.000065 ,0.000065 ,0.999544 ,2.162421 ,0.000082 ,0.000082 ,0.000085 ,0.000085 ,0.000083 ,0.000083 ,2024
胜利股份,4,0.000279 ,0.000280 ,0.000155 ,0.000155 ,0.159513 ,0.160223 ,0.000240 ,0.000240 ,0.549328 ,0.586128 ,0.290233 ,0.294771 ,0.000252 ,0.000252 ,2024
东阿阿胶,4,0.000448 ,0.000448 ,0.000248 ,0.000248 ,0.434441 ,0.451038 ,0.000384 ,0.000384 ,0.563661 ,0.603953 ,0.000413 ,0.000413 ,0.000404 ,0.000404 ,2024
粤高速Ａ,3,0.000133 ,0.000133 ,0.000074 ,0.000074 ,0.000094 ,0.000094 ,0.999340 ,2.119022 ,0.000118 ,0.000118 ,0.000122 ,0.000122 ,0.000120 ,0.000120 ,2024
ST晨鸣,5,0.000064 ,0.000064 ,0.000035 ,0.000035 ,0.000045 ,0.000045 ,0.000055 ,0.000055 ,0.000057 ,0.000057 ,0.999686 ,2.204671 ,0.000058 ,0.000058 ,2024
武商集团,2,0.000264 ,0.000264 ,0.170424 ,0.171294 ,0.828372 ,1.016109 ,0.000226 ,0.000226 ,0.000234 ,0.000234 ,0.000243 ,0.000243 ,0.000238 ,0.000238 ,2024
京粮控股,0,0.999612 ,2.180988 ,0.000044 ,0.000044 ,0.000057 ,0.000057 ,0.000069 ,0.000069 ,0.000071 ,0.000071 ,0.000074 ,0.000074 ,0.000072 ,0.000072 ,2024
丽珠集团,0,0.999554 ,2.165139 ,0.000051 ,0.000051 ,0.000065 ,0.000065 ,0.000079 ,0.000079 ,0.000082 ,0.000082 ,0.000085 ,0.000085 ,0.000083 ,0.000083 ,2024
红棉股份,0,0.999391 ,2.128605 ,0.000070 ,0.000070 ,0.000089 ,0.000089 ,0.000108 ,0.000108 ,0.000112 ,0.000112 ,0.000116 ,0.000116 ,0.000114 ,0.000114 ,2024
岭南控股,0,0.999369 ,2.124501 ,0.000072 ,0.000072 ,0.000092 ,0.000092 ,0.000112 ,0.000112 ,0.000116 ,0.000116 ,0.000120 ,0.000120 ,0.000118 ,0.000118 ,2024
柳    工,6,0.000041 ,0.000041 ,0.000023 ,0.000023 ,0.000029 ,0.000029 ,0.000035 ,0.000035 ,0.000037 ,0.000037 ,0.000038 ,0.000038 ,0.999796 ,2.251126 ,2024
华金资本,1,0.000096 ,0.000096 ,0.335183 ,0.342344 ,0.000068 ,0.000068 ,0.334260 ,0.341357 ,0.000085 ,0.000085 ,0.128158 ,0.128522 ,0.202149 ,0.203621 ,2024
万泽股份,2,0.000284 ,0.000284 ,0.000157 ,0.000157 ,0.711179 ,0.807346 ,0.000243 ,0.000243 ,0.000252 ,0.000252 ,0.287629 ,0.292040 ,0.000256 ,0.000256 ,2024
云南白药,5,0.000180 ,0.000180 ,0.150101 ,0.150692 ,0.000127 ,0.000127 ,0.000154 ,0.000155 ,0.043053 ,0.043066 ,0.806222 ,0.971174 ,0.000162 ,0.000162 ,2024
粤电力Ａ,3,0.000111 ,0.000111 ,0.000062 ,0.000062 ,0.054934 ,0.054962 ,0.944593 ,1.359191 ,0.000099 ,0.000099 ,0.000102 ,0.000102 ,0.000100 ,0.000100 ,2024
中原环保,5,0.000107 ,0.000107 ,0.000060 ,0.000060 ,0.000076 ,0.000076 ,0.000092 ,0.000092 ,0.000095 ,0.000095 ,0.999473 ,2.145662 ,0.000097 ,0.000097 ,2024
江铃汽车,0,0.998801 ,2.044664 ,0.000138 ,0.000138 ,0.000175 ,0.000175 ,0.000213 ,0.000213 ,0.000220 ,0.000221 ,0.000229 ,0.000229 ,0.000224 ,0.000224 ,2024
安道麦A,4,0.125111 ,0.125450 ,0.018567 ,0.018569 ,0.000024 ,0.000024 ,0.000029 ,0.000029 ,0.856209 ,1.078204 ,0.000031 ,0.000031 ,0.000030 ,0.000030 ,2024
神州信息,6,0.000117 ,0.000117 ,0.335346 ,0.342517 ,0.000083 ,0.000083 ,0.000101 ,0.000101 ,0.192804 ,0.194076 ,0.112088 ,0.112330 ,0.359461 ,0.368418 ,2024
陕国投Ａ,1,0.188790 ,0.189982 ,0.694763 ,0.782379 ,0.115464 ,0.115729 ,0.000236 ,0.000236 ,0.000245 ,0.000245 ,0.000254 ,0.000254 ,0.000248 ,0.000248 ,2024
汇源通信,4,0.000226 ,0.000226 ,0.000125 ,0.000125 ,0.255127 ,0.258156 ,0.281912 ,0.286053 ,0.462198 ,0.482589 ,0.000208 ,0.000208 ,0.000204 ,0.000204 ,2024
启迪药业,5,0.000205 ,0.000205 ,0.000114 ,0.000114 ,0.060960 ,0.060998 ,0.000176 ,0.000176 ,0.000182 ,0.000182 ,0.938178 ,1.330647 ,0.000185 ,0.000185 ,2024
青岛双星,0,0.999510 ,2.154126 ,0.000056 ,0.000056 ,0.000072 ,0.000072 ,0.000087 ,0.000087 ,0.000090 ,0.000090 ,0.000094 ,0.000094 ,0.000092 ,0.000092 ,2024
焦作万方,2,0.187701 ,0.188872 ,0.000042 ,0.000042 ,0.811987 ,0.982544 ,0.000065 ,0.000065 ,0.000067 ,0.000067 ,0.000070 ,0.000070 ,0.000068 ,0.000068 ,2024
海螺新材,3,0.000071 ,0.000071 ,0.000039 ,0.000039 ,0.000050 ,0.000050 ,0.999648 ,2.191723 ,0.000063 ,0.000063 ,0.000065 ,0.000065 ,0.000064 ,0.000064 ,2024
钒钛股份,3,0.354337 ,0.362890 ,0.000126 ,0.000126 ,0.000161 ,0.000161 ,0.644757 ,0.710473 ,0.000203 ,0.000203 ,0.000210 ,0.000210 ,0.000206 ,0.000206 ,2024
金岭矿业,3,0.000118 ,0.000118 ,0.081295 ,0.081386 ,0.000083 ,0.000083 ,0.918185 ,1.253704 ,0.000105 ,0.000105 ,0.000108 ,0.000108 ,0.000106 ,0.000106 ,2024
永安林业,5,0.000172 ,0.000172 ,0.000095 ,0.000095 ,0.064728 ,0.064774 ,0.000147 ,0.000147 ,0.000153 ,0.000153 ,0.934550 ,1.315462 ,0.000155 ,0.000155 ,2024
国城矿业,2,0.000187 ,0.000187 ,0.000103 ,0.000103 ,0.687106 ,0.770983 ,0.312098 ,0.317806 ,0.000166 ,0.000166 ,0.000172 ,0.000172 ,0.000168 ,0.000168 ,2024
中信特钢,3,0.000077 ,0.000077 ,0.000043 ,0.000043 ,0.000054 ,0.000054 ,0.563986 ,0.604361 ,0.000068 ,0.000068 ,0.397923 ,0.410366 ,0.037848 ,0.037857 ,2024
丰乐种业,5,0.000092 ,0.000092 ,0.000051 ,0.000051 ,0.000065 ,0.000065 ,0.000079 ,0.000079 ,0.000082 ,0.000082 ,0.999547 ,2.163280 ,0.000083 ,0.000083 ,2024
中兴商业,0,0.520866 ,0.551454 ,0.043387 ,0.043400 ,0.148026 ,0.148592 ,0.000298 ,0.000298 ,0.000309 ,0.000309 ,0.286801 ,0.291172 ,0.000314 ,0.000314 ,2024
航发控制,2,0.000383 ,0.000383 ,0.083114 ,0.083212 ,0.915135 ,1.243203 ,0.000329 ,0.000329 ,0.000340 ,0.000340 ,0.000353 ,0.000353 ,0.000346 ,0.000346 ,2024
普洛药业,4,0.000152 ,0.000152 ,0.000084 ,0.000084 ,0.000107 ,0.000107 ,0.141707 ,0.142202 ,0.857672 ,1.081677 ,0.000140 ,0.000140 ,0.000137 ,0.000137 ,2024
国海证券,1,0.000039 ,0.000039 ,0.999795 ,2.250696 ,0.000027 ,0.000027 ,0.000033 ,0.000033 ,0.000034 ,0.000034 ,0.000036 ,0.000036 ,0.000035 ,0.000035 ,2024
新华制药,2,0.000163 ,0.000163 ,0.192761 ,0.194032 ,0.647556 ,0.714352 ,0.000140 ,0.000140 ,0.000145 ,0.000145 ,0.159088 ,0.159794 ,0.000147 ,0.000147 ,2024
中航西飞,6,0.000269 ,0.000269 ,0.000149 ,0.000149 ,0.000190 ,0.000190 ,0.000231 ,0.000231 ,0.188499 ,0.189685 ,0.000248 ,0.000248 ,0.810416 ,0.979425 ,2024
广发证券,1,0.000039 ,0.000039 ,0.999794 ,2.249962 ,0.000028 ,0.000028 ,0.000034 ,0.000033 ,0.000035 ,0.000035 ,0.000036 ,0.000036 ,0.000035 ,0.000035 ,2024
恒申新材,3,0.170222 ,0.171090 ,0.000060 ,0.000060 ,0.000077 ,0.000077 ,0.359510 ,0.368471 ,0.000097 ,0.000097 ,0.189723 ,0.190934 ,0.280311 ,0.284379 ,2024
北新建材,6,0.000132 ,0.000132 ,0.000073 ,0.000073 ,0.000093 ,0.000093 ,0.334112 ,0.341200 ,0.000117 ,0.000117 ,0.000121 ,0.000121 ,0.665351 ,0.739398 ,2024
甘肃能源,2,0.000103 ,0.000103 ,0.000057 ,0.000057 ,0.544064 ,0.579644 ,0.354408 ,0.362966 ,0.000092 ,0.000092 ,0.101182 ,0.101359 ,0.000093 ,0.000093 ,2024
盐湖股份,3,0.000100 ,0.000100 ,0.000055 ,0.000055 ,0.000070 ,0.000070 ,0.999503 ,2.152654 ,0.000089 ,0.000089 ,0.000092 ,0.000092 ,0.000090 ,0.000090 ,2024
英洛华,4,0.000229 ,0.000229 ,0.000127 ,0.000127 ,0.000161 ,0.000161 ,0.000196 ,0.000196 ,0.536414 ,0.570280 ,0.353178 ,0.361641 ,0.109695 ,0.109922 ,2024
一汽解放,4,0.000089 ,0.000089 ,0.000049 ,0.000049 ,0.000063 ,0.000063 ,0.073915 ,0.073983 ,0.757040 ,0.881640 ,0.072208 ,0.072272 ,0.096637 ,0.096792 ,2024
四川九洲,4,0.000216 ,0.000216 ,0.000119 ,0.000119 ,0.000152 ,0.000152 ,0.000185 ,0.000185 ,0.507640 ,0.535642 ,0.000199 ,0.000199 ,0.491489 ,0.516570 ,2024
云铝股份,2,0.000068 ,0.000068 ,0.000038 ,0.000038 ,0.931420 ,1.302845 ,0.068290 ,0.068344 ,0.000060 ,0.000060 ,0.000063 ,0.000063 ,0.000061 ,0.000061 ,2024
创维数字,6,0.368686 ,0.378404 ,0.000027 ,0.000027 ,0.000035 ,0.000035 ,0.000042 ,0.000042 ,0.080659 ,0.080748 ,0.000045 ,0.000045 ,0.550506 ,0.587583 ,2024
美利云,0,0.547803 ,0.584245 ,0.000248 ,0.000248 ,0.000316 ,0.000316 ,0.450418 ,0.469127 ,0.000398 ,0.000398 ,0.000413 ,0.000413 ,0.000404 ,0.000404 ,2024
智慧农业,6,0.000145 ,0.000145 ,0.000081 ,0.000081 ,0.000102 ,0.000102 ,0.448533 ,0.466982 ,0.000129 ,0.000129 ,0.000134 ,0.000134 ,0.550876 ,0.588040 ,2024
岳阳兴长,5,0.000034 ,0.000034 ,0.000019 ,0.000019 ,0.000024 ,0.000024 ,0.414293 ,0.428489 ,0.000030 ,0.000031 ,0.585568 ,0.631722 ,0.000031 ,0.000031 ,2024
山东海化,0,0.717306 ,0.816863 ,0.000059 ,0.000059 ,0.000074 ,0.000075 ,0.282275 ,0.286433 ,0.000094 ,0.000094 ,0.000097 ,0.000097 ,0.000095 ,0.000095 ,2024
超声电子,6,0.086056 ,0.086165 ,0.000060 ,0.000060 ,0.000076 ,0.000076 ,0.000093 ,0.000093 ,0.199274 ,0.200682 ,0.354815 ,0.363404 ,0.359626 ,0.368596 ,2024
粤桂股份,3,0.110006 ,0.110235 ,0.000074 ,0.000074 ,0.000094 ,0.000094 ,0.889466 ,1.163909 ,0.000118 ,0.000118 ,0.000123 ,0.000123 ,0.000120 ,0.000120 ,2024
冀东装备,6,0.000101 ,0.000101 ,0.000056 ,0.000056 ,0.124205 ,0.124536 ,0.272232 ,0.275944 ,0.000090 ,0.000090 ,0.000093 ,0.000093 ,0.603223 ,0.654604 ,2024
国风新材,5,0.000150 ,0.000150 ,0.000083 ,0.000083 ,0.000106 ,0.000106 ,0.000129 ,0.000129 ,0.000134 ,0.000134 ,0.999262 ,2.105540 ,0.000136 ,0.000136 ,2024
银星能源,2,0.000288 ,0.000288 ,0.000160 ,0.000160 ,0.568660 ,0.610232 ,0.000247 ,0.000247 ,0.000256 ,0.000256 ,0.430129 ,0.446189 ,0.000260 ,0.000260 ,2024
安凯客车,5,0.000150 ,0.000150 ,0.000083 ,0.000083 ,0.000106 ,0.000106 ,0.000129 ,0.000129 ,0.000134 ,0.000134 ,0.999262 ,2.105559 ,0.000136 ,0.000136 ,2024
天山股份,3,0.292708 ,0.297369 ,0.000029 ,0.000030 ,0.000038 ,0.000038 ,0.486410 ,0.510624 ,0.000047 ,0.000047 ,0.000049 ,0.000049 ,0.220719 ,0.222650 ,2024
云南铜业,0,0.672645 ,0.749863 ,0.000038 ,0.000038 ,0.327075 ,0.333698 ,0.000058 ,0.000058 ,0.000060 ,0.000060 ,0.000063 ,0.000063 ,0.000061 ,0.000061 ,2024
潍柴重机,6,0.000262 ,0.000262 ,0.058241 ,0.058275 ,0.221517 ,0.223471 ,0.192077 ,0.193335 ,0.213554 ,0.215298 ,0.000242 ,0.000242 ,0.314107 ,0.319932 ,2024
双汇发展,2,0.348054 ,0.356131 ,0.000042 ,0.000042 ,0.651632 ,0.720031 ,0.000065 ,0.000065 ,0.000067 ,0.000067 ,0.000070 ,0.000070 ,0.000069 ,0.000068 ,2024
鞍钢股份,3,0.324281 ,0.330726 ,0.077131 ,0.077209 ,0.000062 ,0.000062 ,0.424634 ,0.440028 ,0.173731 ,0.174655 ,0.000081 ,0.000081 ,0.000079 ,0.000079 ,2024
航天科技,5,0.325992 ,0.332545 ,0.000041 ,0.000041 ,0.000052 ,0.000052 ,0.000064 ,0.000064 ,0.164623 ,0.165406 ,0.427732 ,0.443498 ,0.081497 ,0.081589 ,2024
厦门港务,0,0.963227 ,1.459313 ,0.000013 ,0.000013 ,0.000017 ,0.000017 ,0.000020 ,0.000020 ,0.000021 ,0.000021 ,0.000022 ,0.000022 ,0.036679 ,0.036688 ,2024
大亚圣象,5,0.000098 ,0.000098 ,0.000054 ,0.000054 ,0.000069 ,0.000069 ,0.000084 ,0.000084 ,0.000087 ,0.000087 ,0.999520 ,2.156574 ,0.000088 ,0.000088 ,2024
华特达因,4,0.228200 ,0.230342 ,0.000188 ,0.000188 ,0.000239 ,0.000239 ,0.000291 ,0.000291 ,0.770464 ,0.904904 ,0.000312 ,0.000312 ,0.000306 ,0.000306 ,2024
金陵药业,2,0.000112 ,0.000112 ,0.000062 ,0.000062 ,0.999427 ,2.135986 ,0.000096 ,0.000096 ,0.000099 ,0.000099 ,0.000103 ,0.000103 ,0.000101 ,0.000101 ,2024
沃顿科技,3,0.000069 ,0.000069 ,0.000038 ,0.000038 ,0.000049 ,0.000049 ,0.512633 ,0.541590 ,0.487085 ,0.511412 ,0.000064 ,0.000064 ,0.000062 ,0.000062 ,2024
海信家电,6,0.000142 ,0.000142 ,0.000079 ,0.000079 ,0.000100 ,0.000100 ,0.000122 ,0.000122 ,0.000126 ,0.000126 ,0.000131 ,0.000131 ,0.999299 ,2.111766 ,2024
佳电股份,2,0.000098 ,0.000098 ,0.000054 ,0.000054 ,0.999498 ,2.151391 ,0.000084 ,0.000084 ,0.000087 ,0.000087 ,0.000090 ,0.000090 ,0.000088 ,0.000088 ,2024
中国铁物,6,0.000027 ,0.000027 ,0.059625 ,0.059661 ,0.000019 ,0.000019 ,0.011205 ,0.011205 ,0.000024 ,0.000024 ,0.000025 ,0.000025 ,0.929075 ,1.293668 ,2024
华菱钢铁,0,0.480524 ,0.503761 ,0.000043 ,0.000043 ,0.000055 ,0.000055 ,0.397768 ,0.410195 ,0.000069 ,0.000069 ,0.000071 ,0.000071 ,0.121470 ,0.121780 ,2024
神火股份,2,0.443557 ,0.461336 ,0.000031 ,0.000031 ,0.556209 ,0.594652 ,0.000049 ,0.000049 ,0.000050 ,0.000050 ,0.000052 ,0.000052 ,0.000051 ,0.000051 ,2024
新乡化纤,3,0.000162 ,0.000162 ,0.000090 ,0.000090 ,0.000114 ,0.000114 ,0.830223 ,1.020026 ,0.000144 ,0.000144 ,0.169121 ,0.169971 ,0.000146 ,0.000146 ,2024
中国重汽,5,0.000278 ,0.000278 ,0.117313 ,0.117592 ,0.000196 ,0.000196 ,0.000239 ,0.000239 ,0.000247 ,0.000247 ,0.624536 ,0.682892 ,0.257191 ,0.260298 ,2024
天保基建,2,0.000333 ,0.000333 ,0.000184 ,0.000184 ,0.998295 ,1.997982 ,0.000286 ,0.000286 ,0.000296 ,0.000296 ,0.000307 ,0.000307 ,0.000300 ,0.000300 ,2024
安泰科技,3,0.084285 ,0.084387 ,0.000081 ,0.000081 ,0.000103 ,0.000103 ,0.492977 ,0.518316 ,0.173417 ,0.174336 ,0.249006 ,0.251815 ,0.000132 ,0.000132 ,2024
中科三环,0,0.993279 ,1.792185 ,0.000040 ,0.000040 ,0.000051 ,0.000051 ,0.000062 ,0.000062 ,0.000064 ,0.000064 ,0.006439 ,0.006438 ,0.000065 ,0.000065 ,2024
中基健康,2,0.065985 ,0.066034 ,0.000098 ,0.000098 ,0.705198 ,0.798160 ,0.228237 ,0.230380 ,0.000158 ,0.000158 ,0.000164 ,0.000164 ,0.000160 ,0.000160 ,2024
佛塑科技,0,0.605099 ,0.657064 ,0.000057 ,0.000057 ,0.000072 ,0.000072 ,0.000088 ,0.000088 ,0.000091 ,0.000091 ,0.000094 ,0.000094 ,0.394500 ,0.406598 ,2024
山金国际,2,0.125827 ,0.126172 ,0.000039 ,0.000039 ,0.664690 ,0.738455 ,0.209251 ,0.210889 ,0.000063 ,0.000063 ,0.000065 ,0.000065 ,0.000064 ,0.000064 ,2024
浪潮信息,4,0.079076 ,0.079160 ,0.000086 ,0.000086 ,0.000109 ,0.000109 ,0.000133 ,0.000133 ,0.554271 ,0.592246 ,0.000142 ,0.000142 ,0.366183 ,0.375690 ,2024
ST九芝,5,0.000124 ,0.000124 ,0.000069 ,0.000069 ,0.000087 ,0.000087 ,0.000106 ,0.000106 ,0.050739 ,0.050761 ,0.948763 ,1.379091 ,0.000112 ,0.000112 ,2024
诚志股份,3,0.198293 ,0.199681 ,0.000043 ,0.000043 ,0.356056 ,0.364742 ,0.445396 ,0.463421 ,0.000069 ,0.000069 ,0.000072 ,0.000072 ,0.000070 ,0.000070 ,2024
闽东电力,2,0.000172 ,0.000172 ,0.078108 ,0.078189 ,0.674731 ,0.752879 ,0.000148 ,0.000148 ,0.073372 ,0.073439 ,0.173314 ,0.174231 ,0.000155 ,0.000155 ,2024
华润三九,4,0.146099 ,0.146642 ,0.043221 ,0.043235 ,0.178039 ,0.179034 ,0.000097 ,0.000097 ,0.350140 ,0.358373 ,0.282303 ,0.286462 ,0.000102 ,0.000102 ,2024
联科科技,3,0.350544 ,0.358807 ,0.000050 ,0.000050 ,0.000064 ,0.000064 ,0.649096 ,0.716494 ,0.000081 ,0.000081 ,0.000084 ,0.000084 ,0.000082 ,0.000082 ,2024
华菱线缆,6,0.000097 ,0.000097 ,0.000054 ,0.000054 ,0.466095 ,0.487068 ,0.000084 ,0.000084 ,0.000086 ,0.000086 ,0.000090 ,0.000090 ,0.533494 ,0.566725 ,2024
弘业期货,0,0.552169 ,0.589641 ,0.447500 ,0.465809 ,0.000055 ,0.000055 ,0.000066 ,0.000066 ,0.000069 ,0.000069 ,0.000071 ,0.000071 ,0.000070 ,0.000070 ,2024
立新能源,2,0.000110 ,0.000110 ,0.000061 ,0.000061 ,0.999436 ,2.137868 ,0.000094 ,0.000094 ,0.000098 ,0.000098 ,0.000101 ,0.000101 ,0.000099 ,0.000099 ,2024
速达股份,6,0.000113 ,0.000113 ,0.000062 ,0.000062 ,0.171017 ,0.171897 ,0.000097 ,0.000097 ,0.165966 ,0.166769 ,0.189697 ,0.190908 ,0.473048 ,0.495090 ,2024
龙源电力,2,0.000069 ,0.000069 ,0.000038 ,0.000038 ,0.550741 ,0.587874 ,0.448963 ,0.467471 ,0.000062 ,0.000062 ,0.000064 ,0.000064 ,0.000063 ,0.000063 ,2024
美能能源,4,0.000098 ,0.000098 ,0.000054 ,0.000054 ,0.042575 ,0.042588 ,0.145706 ,0.146244 ,0.455218 ,0.474599 ,0.356260 ,0.364963 ,0.000089 ,0.000089 ,2024
尚太科技,5,0.000094 ,0.000094 ,0.000052 ,0.000052 ,0.000066 ,0.000066 ,0.000081 ,0.000081 ,0.000084 ,0.000084 ,0.999539 ,2.161165 ,0.000085 ,0.000085 ,2024
康冠科技,4,0.097001 ,0.097158 ,0.000058 ,0.000058 ,0.000074 ,0.000074 ,0.000091 ,0.000091 ,0.902583 ,1.202598 ,0.000097 ,0.000097 ,0.000095 ,0.000095 ,2024
光华股份,5,0.341360 ,0.348950 ,0.000035 ,0.000035 ,0.000045 ,0.000045 ,0.000054 ,0.000054 ,0.000056 ,0.000056 ,0.658393 ,0.729524 ,0.000057 ,0.000057 ,2024
兴欣新材,3,0.000062 ,0.000062 ,0.000034 ,0.000034 ,0.000043 ,0.000043 ,0.999694 ,2.207490 ,0.000055 ,0.000055 ,0.000057 ,0.000057 ,0.000055 ,0.000055 ,2024
海森药业,5,0.268780 ,0.272345 ,0.000061 ,0.000061 ,0.000078 ,0.000078 ,0.102036 ,0.102218 ,0.000098 ,0.000098 ,0.628846 ,0.688707 ,0.000100 ,0.000100 ,2024
通达创智,6,0.000057 ,0.000057 ,0.000032 ,0.000032 ,0.000040 ,0.000040 ,0.237457 ,0.239880 ,0.021127 ,0.021128 ,0.000053 ,0.000053 ,0.741234 ,0.855194 ,2024
百通能源,2,0.000151 ,0.000151 ,0.000084 ,0.000084 ,0.801306 ,0.961641 ,0.198051 ,0.199433 ,0.000134 ,0.000134 ,0.000139 ,0.000139 ,0.000136 ,0.000136 ,2024
广合科技,4,0.085028 ,0.085133 ,0.000050 ,0.000050 ,0.000064 ,0.000064 ,0.000078 ,0.000078 ,0.914614 ,1.241435 ,0.000084 ,0.000084 ,0.000082 ,0.000082 ,2024
宗申动力,5,0.149160 ,0.149739 ,0.000068 ,0.000068 ,0.000087 ,0.000087 ,0.000105 ,0.000105 ,0.000109 ,0.000109 ,0.512880 ,0.541886 ,0.337590 ,0.344916 ,2024
招商积余,4,0.000279 ,0.000280 ,0.263511 ,0.266862 ,0.250337 ,0.253192 ,0.000240 ,0.000240 ,0.278642 ,0.282634 ,0.000257 ,0.000257 ,0.206734 ,0.208312 ,2024
招商蛇口,2,0.000176 ,0.000176 ,0.111790 ,0.112031 ,0.753397 ,0.875459 ,0.000151 ,0.000151 ,0.134165 ,0.134583 ,0.000162 ,0.000162 ,0.000159 ,0.000159 ,2024
伟星股份,5,0.000141 ,0.000141 ,0.000078 ,0.000078 ,0.000100 ,0.000100 ,0.000121 ,0.000121 ,0.000125 ,0.000125 ,0.999307 ,2.113172 ,0.000127 ,0.000127 ,2024
华兰生物,4,0.000196 ,0.000196 ,0.000109 ,0.000109 ,0.000138 ,0.000138 ,0.000168 ,0.000168 ,0.999032 ,2.071951 ,0.000180 ,0.000180 ,0.000177 ,0.000177 ,2024
凯恩股份,5,0.059798 ,0.059834 ,0.000060 ,0.000060 ,0.000076 ,0.000076 ,0.324037 ,0.330466 ,0.061556 ,0.061595 ,0.477213 ,0.499915 ,0.077261 ,0.077340 ,2024
永新股份,5,0.000144 ,0.000144 ,0.000080 ,0.000080 ,0.105996 ,0.106201 ,0.401471 ,0.414280 ,0.000128 ,0.000128 ,0.492051 ,0.517229 ,0.000130 ,0.000130 ,2024
ST易购,5,0.000171 ,0.000171 ,0.213093 ,0.214826 ,0.000121 ,0.000121 ,0.000147 ,0.000147 ,0.000152 ,0.000152 ,0.461646 ,0.481956 ,0.324670 ,0.331139 ,2024
航天电器,2,0.000170 ,0.000170 ,0.094559 ,0.094704 ,0.499263 ,0.525719 ,0.000146 ,0.000146 ,0.000151 ,0.000151 ,0.405557 ,0.418796 ,0.000154 ,0.000153 ,2024
达安基因,3,0.000241 ,0.000241 ,0.000133 ,0.000133 ,0.000170 ,0.000170 ,0.998803 ,2.044870 ,0.000214 ,0.000214 ,0.000222 ,0.000222 ,0.000217 ,0.000217 ,2024
苏 泊 尔,0,0.990271 ,1.728571 ,0.000081 ,0.000081 ,0.000103 ,0.000103 ,0.000125 ,0.000125 ,0.009156 ,0.009156 ,0.000134 ,0.000134 ,0.000131 ,0.000131 ,2024
丽江股份,5,0.000368 ,0.000368 ,0.000204 ,0.000204 ,0.000260 ,0.000260 ,0.000316 ,0.000316 ,0.000327 ,0.000327 ,0.998193 ,1.990109 ,0.000332 ,0.000332 ,2024
云南能投,2,0.000069 ,0.000069 ,0.000038 ,0.000038 ,0.554736 ,0.592823 ,0.249395 ,0.252217 ,0.085894 ,0.086002 ,0.109805 ,0.110032 ,0.000062 ,0.000063 ,2024
德美化工,5,0.333723 ,0.340784 ,0.000039 ,0.000039 ,0.000049 ,0.000049 ,0.068655 ,0.068710 ,0.198499 ,0.199891 ,0.398972 ,0.411523 ,0.000063 ,0.000063 ,2024
横店东磁,4,0.391869 ,0.403707 ,0.000031 ,0.000031 ,0.000040 ,0.000040 ,0.044838 ,0.044853 ,0.563119 ,0.603274 ,0.000052 ,0.000052 ,0.000051 ,0.000051 ,2024
云南旅游,5,0.000397 ,0.000397 ,0.307586 ,0.313036 ,0.084165 ,0.084267 ,0.000341 ,0.000341 ,0.000353 ,0.000353 ,0.606802 ,0.659301 ,0.000358 ,0.000358 ,2024
远光软件,6,0.000050 ,0.000050 ,0.101109 ,0.101286 ,0.178175 ,0.179173 ,0.000043 ,0.000043 ,0.160328 ,0.161050 ,0.000046 ,0.000046 ,0.560248 ,0.599685 ,2024
华峰化学,3,0.000102 ,0.000102 ,0.018121 ,0.018122 ,0.000072 ,0.000072 ,0.933805 ,1.312418 ,0.000090 ,0.000090 ,0.047718 ,0.047737 ,0.000092 ,0.000092 ,2024
中材科技,3,0.000095 ,0.000095 ,0.000053 ,0.000053 ,0.000067 ,0.000067 ,0.749581 ,0.869040 ,0.000085 ,0.000085 ,0.000088 ,0.000088 ,0.250032 ,0.252877 ,2024
ST中泰,5,0.000062 ,0.000062 ,0.000035 ,0.000035 ,0.000044 ,0.000044 ,0.474319 ,0.496560 ,0.000055 ,0.000055 ,0.525429 ,0.556951 ,0.000056 ,0.000056 ,2024
易普力,2,0.000050 ,0.000050 ,0.000028 ,0.000028 ,0.999741 ,2.225743 ,0.000043 ,0.000043 ,0.000045 ,0.000045 ,0.000046 ,0.000046 ,0.000046 ,0.000046 ,2024
莱宝高科,5,0.000156 ,0.000156 ,0.000087 ,0.000087 ,0.000110 ,0.000110 ,0.000134 ,0.000134 ,0.232112 ,0.234370 ,0.767259 ,0.899279 ,0.000141 ,0.000141 ,2024
罗平锌电,3,0.086007 ,0.086115 ,0.000054 ,0.000054 ,0.000068 ,0.000068 ,0.913608 ,1.238045 ,0.000086 ,0.000086 ,0.000089 ,0.000089 ,0.000087 ,0.000088 ,2024
东港股份,5,0.000169 ,0.000169 ,0.118568 ,0.118855 ,0.000119 ,0.000119 ,0.000145 ,0.000145 ,0.000150 ,0.000150 ,0.506755 ,0.534590 ,0.374095 ,0.384280 ,2024
康强电子,0,0.396574 ,0.408880 ,0.000068 ,0.000068 ,0.000087 ,0.000087 ,0.000105 ,0.000105 ,0.000109 ,0.000109 ,0.369208 ,0.378970 ,0.233849 ,0.236159 ,2024
科陆电子,6,0.439653 ,0.456917 ,0.000044 ,0.000044 ,0.000055 ,0.000055 ,0.000067 ,0.000067 ,0.000070 ,0.000070 ,0.000072 ,0.000072 ,0.560039 ,0.599424 ,2024
ST天邦,0,0.422746 ,0.437915 ,0.000038 ,0.000038 ,0.000049 ,0.000049 ,0.396293 ,0.408572 ,0.180748 ,0.181791 ,0.000064 ,0.000064 ,0.000062 ,0.000062 ,2024
安 纳 达,3,0.180619 ,0.181661 ,0.000029 ,0.000029 ,0.000037 ,0.000037 ,0.746527 ,0.863943 ,0.000047 ,0.000047 ,0.000049 ,0.000049 ,0.072691 ,0.072756 ,2024
顺络电子,4,0.000213 ,0.000213 ,0.000118 ,0.000118 ,0.147361 ,0.147919 ,0.027186 ,0.027190 ,0.691672 ,0.777760 ,0.000196 ,0.000196 ,0.133253 ,0.133664 ,2024
拓邦股份,6,0.000363 ,0.000363 ,0.000026 ,0.000026 ,0.000034 ,0.000034 ,0.000041 ,0.000041 ,0.000042 ,0.000042 ,0.000044 ,0.000044 ,0.999451 ,2.140845 ,2024
东华科技,3,0.013894 ,0.013895 ,0.021419 ,0.021421 ,0.149874 ,0.150462 ,0.814736 ,0.988043 ,0.000025 ,0.000025 ,0.000026 ,0.000026 ,0.000025 ,0.000025 ,2024
中核钛白,0,0.817994 ,0.994628 ,0.000036 ,0.000036 ,0.000045 ,0.000045 ,0.181751 ,0.182811 ,0.000057 ,0.000057 ,0.000059 ,0.000059 ,0.000058 ,0.000058 ,2024
北纬科技,6,0.000165 ,0.000165 ,0.000091 ,0.000091 ,0.000116 ,0.000116 ,0.000141 ,0.000141 ,0.000146 ,0.000146 ,0.000152 ,0.000152 ,0.999189 ,2.093993 ,2024
北斗星通,2,0.000088 ,0.000088 ,0.000049 ,0.000049 ,0.932567 ,1.307420 ,0.000075 ,0.000075 ,0.067061 ,0.067113 ,0.000081 ,0.000081 ,0.000079 ,0.000079 ,2024
广电运通,4,0.239740 ,0.242235 ,0.016032 ,0.016033 ,0.000037 ,0.000037 ,0.000045 ,0.000045 ,0.495215 ,0.520948 ,0.000049 ,0.000049 ,0.248882 ,0.251686 ,2024
悦心健康,3,0.000134 ,0.000134 ,0.024046 ,0.024048 ,0.000095 ,0.000095 ,0.761377 ,0.889072 ,0.000119 ,0.000119 ,0.000124 ,0.000124 ,0.214106 ,0.215864 ,2024
莱茵生物,2,0.081476 ,0.081568 ,0.000032 ,0.000032 ,0.587949 ,0.634780 ,0.000049 ,0.000049 ,0.000051 ,0.000051 ,0.330392 ,0.337231 ,0.000052 ,0.000052 ,2024
楚江新材,3,0.268139 ,0.271678 ,0.000054 ,0.000054 ,0.000069 ,0.000069 ,0.309948 ,0.315532 ,0.000087 ,0.000087 ,0.298269 ,0.303215 ,0.123434 ,0.123759 ,2024
中航光电,4,0.000197 ,0.000197 ,0.000109 ,0.000109 ,0.000139 ,0.000139 ,0.000169 ,0.000169 ,0.899841 ,1.194225 ,0.099366 ,0.099534 ,0.000178 ,0.000178 ,2024
华天科技,3,0.000217 ,0.000217 ,0.000120 ,0.000120 ,0.000153 ,0.000153 ,0.803662 ,0.966192 ,0.000193 ,0.000193 ,0.000200 ,0.000200 ,0.195454 ,0.196781 ,2024
广百股份,3,0.241141 ,0.243682 ,0.158883 ,0.159585 ,0.000223 ,0.000223 ,0.598897 ,0.648954 ,0.000281 ,0.000281 ,0.000291 ,0.000291 ,0.000285 ,0.000285 ,2024
中天服务,0,0.995615 ,1.860920 ,0.000503 ,0.000503 ,0.000640 ,0.000641 ,0.000779 ,0.000779 ,0.000807 ,0.000807 ,0.000836 ,0.000837 ,0.000819 ,0.000819 ,2024
成飞集成,5,0.000133 ,0.000133 ,0.000074 ,0.000074 ,0.000094 ,0.000094 ,0.000114 ,0.000114 ,0.000118 ,0.000118 ,0.999347 ,2.120297 ,0.000120 ,0.000120 ,2024
武汉凡谷,0,0.510412 ,0.538941 ,0.000039 ,0.000039 ,0.000050 ,0.000050 ,0.000061 ,0.000061 ,0.000063 ,0.000063 ,0.000065 ,0.000065 ,0.489310 ,0.514016 ,2024
东晶电子,3,0.000168 ,0.000168 ,0.000093 ,0.000093 ,0.000118 ,0.000118 ,0.615990 ,0.671458 ,0.383325 ,0.394346 ,0.000154 ,0.000154 ,0.000151 ,0.000151 ,2024
金风科技,3,0.205595 ,0.207146 ,0.000072 ,0.000072 ,0.181207 ,0.182258 ,0.508979 ,0.537235 ,0.103912 ,0.104105 ,0.000119 ,0.000119 ,0.000117 ,0.000117 ,2024
塔牌集团,3,0.000038 ,0.000038 ,0.013551 ,0.013552 ,0.000027 ,0.000027 ,0.773878 ,0.910950 ,0.000033 ,0.000033 ,0.000035 ,0.000035 ,0.212438 ,0.214154 ,2024
民和股份,3,0.202211 ,0.203685 ,0.000106 ,0.000106 ,0.000134 ,0.000134 ,0.797032 ,0.953474 ,0.000169 ,0.000169 ,0.000175 ,0.000175 ,0.000172 ,0.000172 ,2024
大华股份,4,0.000022 ,0.000022 ,0.000012 ,0.000012 ,0.000015 ,0.000015 ,0.000019 ,0.000019 ,0.999892 ,2.315832 ,0.000020 ,0.000020 ,0.000020 ,0.000020 ,2024
恒邦股份,0,0.606277 ,0.658612 ,0.000053 ,0.000053 ,0.000068 ,0.000068 ,0.388503 ,0.400014 ,0.004924 ,0.004925 ,0.000088 ,0.000088 ,0.000086 ,0.000086 ,2024
盛新锂能,0,0.999642 ,2.190015 ,0.000041 ,0.000041 ,0.000052 ,0.000052 ,0.000064 ,0.000064 ,0.000066 ,0.000066 ,0.000068 ,0.000068 ,0.000067 ,0.000067 ,2024
歌尔股份,4,0.474672 ,0.496969 ,0.000082 ,0.000082 ,0.000104 ,0.000104 ,0.000127 ,0.000127 ,0.524745 ,0.556126 ,0.000136 ,0.000136 ,0.000133 ,0.000134 ,2024
九阳股份,0,0.581356 ,0.626331 ,0.000131 ,0.000131 ,0.000167 ,0.000167 ,0.000203 ,0.000203 ,0.000210 ,0.000210 ,0.000218 ,0.000218 ,0.417714 ,0.432298 ,2024
力合科创,2,0.000110 ,0.000110 ,0.000061 ,0.000061 ,0.616501 ,0.672137 ,0.057000 ,0.057031 ,0.131363 ,0.131756 ,0.194865 ,0.196179 ,0.000100 ,0.000100 ,2024
蔚蓝锂芯,6,0.000059 ,0.000059 ,0.000033 ,0.000033 ,0.000042 ,0.000041 ,0.000050 ,0.000050 ,0.000052 ,0.000052 ,0.000054 ,0.000054 ,0.999710 ,2.213307 ,2024
ST步步高,3,0.000164 ,0.000164 ,0.145417 ,0.145953 ,0.000116 ,0.000116 ,0.695243 ,0.783098 ,0.000146 ,0.000146 ,0.000151 ,0.000151 ,0.158763 ,0.159463 ,2024
海陆重工,5,0.000045 ,0.000045 ,0.000025 ,0.000025 ,0.000032 ,0.000032 ,0.149346 ,0.149927 ,0.000040 ,0.000040 ,0.850473 ,1.064807 ,0.000040 ,0.000040 ,2024
利尔化学,5,0.431679 ,0.447930 ,0.000044 ,0.000044 ,0.000056 ,0.000056 ,0.029524 ,0.029529 ,0.000070 ,0.000070 ,0.538555 ,0.572895 ,0.000072 ,0.000072 ,2024
恩华药业,4,0.000109 ,0.000109 ,0.000061 ,0.000061 ,0.000077 ,0.000077 ,0.000094 ,0.000094 ,0.883875 ,1.148382 ,0.115686 ,0.115953 ,0.000099 ,0.000099 ,2024
新 华 都,6,0.000135 ,0.000135 ,0.000075 ,0.000075 ,0.000095 ,0.000095 ,0.000116 ,0.000116 ,0.000120 ,0.000120 ,0.000125 ,0.000125 ,0.999333 ,2.117791 ,2024
东方雨虹,6,0.000037 ,0.000037 ,0.000021 ,0.000021 ,0.000026 ,0.000026 ,0.031187 ,0.031192 ,0.000033 ,0.000033 ,0.049636 ,0.049657 ,0.919059 ,1.256766 ,2024
博深股份,6,0.000071 ,0.000071 ,0.000039 ,0.000039 ,0.363754 ,0.373059 ,0.000061 ,0.000061 ,0.000063 ,0.000063 ,0.061204 ,0.061243 ,0.574808 ,0.618001 ,2024
天润工业,5,0.000149 ,0.000149 ,0.000083 ,0.000083 ,0.000105 ,0.000105 ,0.000128 ,0.000128 ,0.000133 ,0.000133 ,0.671987 ,0.748914 ,0.327415 ,0.334060 ,2024
亚太股份,5,0.000114 ,0.000114 ,0.000063 ,0.000063 ,0.483792 ,0.507567 ,0.000098 ,0.000098 ,0.000101 ,0.000101 ,0.515730 ,0.545292 ,0.000103 ,0.000103 ,2024
禾盛新材,4,0.000181 ,0.000181 ,0.000100 ,0.000100 ,0.000128 ,0.000128 ,0.000155 ,0.000155 ,0.720598 ,0.822025 ,0.278674 ,0.282668 ,0.000163 ,0.000163 ,2024
信立泰,4,0.000135 ,0.000135 ,0.000075 ,0.000075 ,0.108200 ,0.108418 ,0.000116 ,0.000116 ,0.816682 ,0.991967 ,0.074669 ,0.074740 ,0.000122 ,0.000122 ,2024
日海智能,4,0.000122 ,0.000122 ,0.000067 ,0.000067 ,0.330622 ,0.337476 ,0.000104 ,0.000104 ,0.338348 ,0.345726 ,0.000112 ,0.000112 ,0.330624 ,0.337479 ,2024
焦点科技,6,0.000088 ,0.000088 ,0.063115 ,0.063158 ,0.000062 ,0.000062 ,0.000075 ,0.000075 ,0.380499 ,0.391259 ,0.106304 ,0.106511 ,0.449857 ,0.468489 ,2024
久立特材,0,0.931081 ,1.301505 ,0.000056 ,0.000056 ,0.000071 ,0.000071 ,0.068519 ,0.068573 ,0.000090 ,0.000090 ,0.000093 ,0.000093 ,0.000091 ,0.000091 ,2024
海峡股份,0,0.854188 ,1.073443 ,0.000068 ,0.000068 ,0.000087 ,0.000087 ,0.000106 ,0.000106 ,0.000109 ,0.000109 ,0.000113 ,0.000113 ,0.145329 ,0.145863 ,2024
漫步者,6,0.000240 ,0.000240 ,0.000133 ,0.000133 ,0.000169 ,0.000169 ,0.357293 ,0.366078 ,0.000213 ,0.000213 ,0.000221 ,0.000221 ,0.641731 ,0.706296 ,2024
顺丰控股,6,0.002048 ,0.002049 ,0.036112 ,0.036120 ,0.000014 ,0.000014 ,0.000017 ,0.000017 ,0.000018 ,0.000018 ,0.000019 ,0.000019 ,0.961771 ,1.450247 ,2024
汉王科技,4,0.000103 ,0.000103 ,0.053877 ,0.053904 ,0.000073 ,0.000073 ,0.000089 ,0.000089 ,0.402717 ,0.415656 ,0.301309 ,0.306416 ,0.241832 ,0.244396 ,2024
康力电梯,6,0.000099 ,0.000099 ,0.073739 ,0.073807 ,0.000070 ,0.000070 ,0.000085 ,0.000085 ,0.000088 ,0.000088 ,0.000092 ,0.000092 ,0.925827 ,1.281310 ,2024
宏创控股,0,0.844557 ,1.051337 ,0.000036 ,0.000036 ,0.000046 ,0.000046 ,0.000056 ,0.000056 ,0.000058 ,0.000058 ,0.000060 ,0.000060 ,0.155188 ,0.155842 ,2024
维信诺,4,0.000180 ,0.000180 ,0.000100 ,0.000100 ,0.000127 ,0.000127 ,0.000154 ,0.000155 ,0.715665 ,0.814303 ,0.283612 ,0.287832 ,0.000162 ,0.000162 ,2024
航天彩虹,6,0.000084 ,0.000084 ,0.000047 ,0.000047 ,0.000059 ,0.000059 ,0.000072 ,0.000072 ,0.000075 ,0.000075 ,0.252668 ,0.255608 ,0.746994 ,0.864721 ,2024
力生制药,5,0.000177 ,0.000177 ,0.000098 ,0.000098 ,0.000125 ,0.000125 ,0.000152 ,0.000152 ,0.000157 ,0.000157 ,0.999130 ,2.085363 ,0.000160 ,0.000160 ,2024
海普瑞,0,0.999656 ,2.194377 ,0.000039 ,0.000039 ,0.000050 ,0.000050 ,0.000061 ,0.000061 ,0.000063 ,0.000063 ,0.000066 ,0.000066 ,0.000064 ,0.000064 ,2024
省广集团,4,0.000406 ,0.000406 ,0.000225 ,0.000225 ,0.000286 ,0.000286 ,0.000348 ,0.000348 ,0.997997 ,1.975870 ,0.000373 ,0.000374 ,0.000366 ,0.000366 ,2024
中远海科,6,0.020710 ,0.020711 ,0.237540 ,0.239965 ,0.000035 ,0.000035 ,0.000042 ,0.000042 ,0.275948 ,0.279820 ,0.000045 ,0.000045 ,0.465680 ,0.486590 ,2024
嘉欣丝绸,6,0.263121 ,0.266457 ,0.000038 ,0.000038 ,0.000048 ,0.000048 ,0.000059 ,0.000059 ,0.000061 ,0.000061 ,0.300995 ,0.306084 ,0.435679 ,0.452433 ,2024
广联达,6,0.000107 ,0.000107 ,0.000059 ,0.000059 ,0.000075 ,0.000075 ,0.000092 ,0.000092 ,0.000095 ,0.000095 ,0.000098 ,0.000098 ,0.999474 ,2.145900 ,2024
天虹股份,2,0.000180 ,0.000180 ,0.000100 ,0.000100 ,0.507144 ,0.535053 ,0.000154 ,0.000155 ,0.000160 ,0.000160 ,0.000166 ,0.000166 ,0.492096 ,0.517283 ,2024
毅昌科技,5,0.110454 ,0.110687 ,0.000179 ,0.000179 ,0.000228 ,0.000228 ,0.000277 ,0.000277 ,0.000287 ,0.000287 ,0.856704 ,1.079377 ,0.031870 ,0.031876 ,2024
云南锗业,2,0.000062 ,0.000062 ,0.000034 ,0.000034 ,0.999683 ,2.203648 ,0.000053 ,0.000053 ,0.000055 ,0.000055 ,0.000057 ,0.000057 ,0.000056 ,0.000056 ,2024
杭氧股份,2,0.000101 ,0.000101 ,0.000056 ,0.000056 ,0.797337 ,0.954053 ,0.000087 ,0.000087 ,0.000090 ,0.000090 ,0.000093 ,0.000093 ,0.202235 ,0.203709 ,2024
摩恩电气,3,0.210047 ,0.211703 ,0.000065 ,0.000065 ,0.219122 ,0.221011 ,0.570450 ,0.612488 ,0.000104 ,0.000104 ,0.000107 ,0.000107 ,0.000105 ,0.000105 ,2024
百川股份,3,0.000073 ,0.000073 ,0.000040 ,0.000040 ,0.000051 ,0.000051 ,0.999639 ,2.189142 ,0.000064 ,0.000064 ,0.000067 ,0.000067 ,0.000065 ,0.000065 ,2024
益生股份,0,0.591977 ,0.639974 ,0.000078 ,0.000078 ,0.000099 ,0.000099 ,0.287637 ,0.292049 ,0.000125 ,0.000125 ,0.099334 ,0.099501 ,0.020751 ,0.020752 ,2024
珠江啤酒,5,0.265262 ,0.268684 ,0.000160 ,0.000160 ,0.000204 ,0.000204 ,0.000249 ,0.000249 ,0.000257 ,0.000257 ,0.445308 ,0.463321 ,0.288559 ,0.293014 ,2024
沪电股份,4,0.024569 ,0.024572 ,0.000030 ,0.000030 ,0.000038 ,0.000038 ,0.000046 ,0.000046 ,0.975218 ,1.547058 ,0.000050 ,0.000050 ,0.000049 ,0.000049 ,2024
海格通信,2,0.000415 ,0.000415 ,0.000230 ,0.000230 ,0.555250 ,0.593461 ,0.000356 ,0.000356 ,0.000368 ,0.000368 ,0.000382 ,0.000382 ,0.442999 ,0.460704 ,2024
天齐锂业,0,0.469915 ,0.491470 ,0.000013 ,0.000013 ,0.000016 ,0.000016 ,0.227886 ,0.230018 ,0.302129 ,0.307280 ,0.000021 ,0.000021 ,0.000021 ,0.000021 ,2024
二六三,4,0.000084 ,0.000084 ,0.000047 ,0.000047 ,0.000059 ,0.000059 ,0.000072 ,0.000072 ,0.999583 ,2.172852 ,0.000078 ,0.000078 ,0.000076 ,0.000076 ,2024
三维化学,3,0.000045 ,0.000045 ,0.000025 ,0.000025 ,0.000032 ,0.000032 ,0.999774 ,2.240137 ,0.000040 ,0.000040 ,0.000042 ,0.000042 ,0.000041 ,0.000041 ,2024
常宝股份,0,0.411284 ,0.425145 ,0.000059 ,0.000059 ,0.003610 ,0.003609 ,0.118749 ,0.119038 ,0.000095 ,0.000095 ,0.109247 ,0.109472 ,0.356956 ,0.365713 ,2024
ST墨龙,3,0.000152 ,0.000152 ,0.045558 ,0.045574 ,0.000107 ,0.000107 ,0.435863 ,0.452639 ,0.233528 ,0.235828 ,0.150739 ,0.151337 ,0.134054 ,0.134471 ,2024
涪陵榨菜,0,0.634235 ,0.696025 ,0.000057 ,0.000057 ,0.186545 ,0.187695 ,0.129385 ,0.129761 ,0.000092 ,0.000092 ,0.049592 ,0.049613 ,0.000093 ,0.000093 ,2024
金字火腿,0,0.475215 ,0.497599 ,0.000116 ,0.000116 ,0.237551 ,0.239976 ,0.000180 ,0.000180 ,0.253105 ,0.256061 ,0.033643 ,0.033649 ,0.000189 ,0.000189 ,2024
旷达科技,5,0.000112 ,0.000112 ,0.000062 ,0.000062 ,0.000079 ,0.000079 ,0.000096 ,0.000096 ,0.000099 ,0.000099 ,0.999452 ,2.141074 ,0.000101 ,0.000101 ,2024
金杯电工,6,0.097635 ,0.097794 ,0.000085 ,0.000085 ,0.383673 ,0.394726 ,0.000132 ,0.000132 ,0.000137 ,0.000137 ,0.000142 ,0.000142 ,0.518195 ,0.548247 ,2024
西子洁能,2,0.160388 ,0.161111 ,0.000028 ,0.000028 ,0.839402 ,1.039871 ,0.000044 ,0.000044 ,0.000045 ,0.000045 ,0.000047 ,0.000047 ,0.000046 ,0.000046 ,2024
飞龙股份,5,0.000136 ,0.000136 ,0.000076 ,0.000076 ,0.000096 ,0.000096 ,0.000117 ,0.000117 ,0.162640 ,0.163395 ,0.836811 ,1.034198 ,0.000123 ,0.000123 ,2024
云图控股,0,0.856122 ,1.077997 ,0.000022 ,0.000022 ,0.000028 ,0.000028 ,0.143721 ,0.144238 ,0.000035 ,0.000035 ,0.000037 ,0.000037 ,0.000036 ,0.000036 ,2024
新联电子,4,0.000095 ,0.000095 ,0.000053 ,0.000053 ,0.000067 ,0.000067 ,0.000081 ,0.000081 ,0.999532 ,2.159421 ,0.000087 ,0.000087 ,0.000086 ,0.000086 ,2024
宝鼎科技,3,0.000061 ,0.000061 ,0.000034 ,0.000034 ,0.000043 ,0.000043 ,0.999696 ,2.208092 ,0.000054 ,0.000054 ,0.000056 ,0.000056 ,0.000055 ,0.000055 ,2024
徐家汇,4,0.000181 ,0.000181 ,0.000100 ,0.000100 ,0.000127 ,0.000127 ,0.000155 ,0.000155 ,0.999107 ,2.082121 ,0.000166 ,0.000166 ,0.000163 ,0.000163 ,2024
森马服饰,5,0.000146 ,0.000146 ,0.000081 ,0.000081 ,0.000103 ,0.000103 ,0.000126 ,0.000126 ,0.000130 ,0.000130 ,0.999281 ,2.108784 ,0.000132 ,0.000132 ,2024
ST八菱,5,0.000060 ,0.000060 ,0.000033 ,0.000033 ,0.000042 ,0.000042 ,0.000051 ,0.000051 ,0.000053 ,0.000053 ,0.999707 ,2.212100 ,0.000054 ,0.000054 ,2024
豪迈科技,0,0.999407 ,2.131821 ,0.000068 ,0.000068 ,0.000087 ,0.000087 ,0.000105 ,0.000105 ,0.000109 ,0.000109 ,0.000113 ,0.000113 ,0.000111 ,0.000111 ,2024
安洁科技,0,0.772290 ,0.908131 ,0.000048 ,0.000048 ,0.000061 ,0.000061 ,0.000075 ,0.000075 ,0.000077 ,0.000077 ,0.227370 ,0.229487 ,0.000079 ,0.000079 ,2024
跨境通,6,0.000125 ,0.000125 ,0.000069 ,0.000069 ,0.000088 ,0.000088 ,0.000107 ,0.000107 ,0.000111 ,0.000111 ,0.000115 ,0.000115 ,0.999384 ,2.127284 ,2024
卫星化学,0,0.647039 ,0.713635 ,0.000045 ,0.000045 ,0.000058 ,0.000058 ,0.269245 ,0.272830 ,0.083464 ,0.083563 ,0.000075 ,0.000075 ,0.000074 ,0.000074 ,2024
雪迪龙,3,0.000027 ,0.000027 ,0.000015 ,0.000015 ,0.000019 ,0.000019 ,0.983873 ,1.634572 ,0.016015 ,0.016016 ,0.000025 ,0.000025 ,0.000025 ,0.000025 ,2024
茂硕电源,6,0.209521 ,0.211165 ,0.000027 ,0.000027 ,0.000035 ,0.000035 ,0.000042 ,0.000042 ,0.388477 ,0.399985 ,0.000046 ,0.000046 ,0.401851 ,0.414700 ,2024
克明食品,0,0.999703 ,2.210529 ,0.000034 ,0.000034 ,0.000043 ,0.000043 ,0.000053 ,0.000053 ,0.000055 ,0.000055 ,0.000057 ,0.000057 ,0.000056 ,0.000056 ,2024
京威股份,5,0.000080 ,0.000080 ,0.000044 ,0.000044 ,0.000056 ,0.000056 ,0.000068 ,0.000068 ,0.000071 ,0.000071 ,0.999609 ,2.180106 ,0.000072 ,0.000072 ,2024
TCL智家,0,0.695202 ,0.783036 ,0.000065 ,0.000065 ,0.000082 ,0.000082 ,0.000100 ,0.000100 ,0.095912 ,0.096064 ,0.000107 ,0.000107 ,0.208532 ,0.210152 ,2024
龙泉股份,6,0.000165 ,0.000165 ,0.000091 ,0.000091 ,0.000116 ,0.000116 ,0.000141 ,0.000141 ,0.000146 ,0.000146 ,0.162317 ,0.163067 ,0.837024 ,1.034661 ,2024
东江环保,4,0.000108 ,0.000108 ,0.000060 ,0.000060 ,0.000076 ,0.000076 ,0.121651 ,0.121962 ,0.877909 ,1.132365 ,0.000099 ,0.000099 ,0.000097 ,0.000097 ,2024
东诚药业,5,0.134835 ,0.135261 ,0.000058 ,0.000058 ,0.398797 ,0.411330 ,0.000090 ,0.000090 ,0.000094 ,0.000094 ,0.466030 ,0.486993 ,0.000095 ,0.000095 ,2024
珠江钢琴,3,0.000316 ,0.000316 ,0.000175 ,0.000175 ,0.000223 ,0.000223 ,0.593854 ,0.642402 ,0.000281 ,0.000281 ,0.404867 ,0.418032 ,0.000285 ,0.000285 ,2024
广东宏大,2,0.000059 ,0.000059 ,0.000032 ,0.000032 ,0.624550 ,0.682910 ,0.000050 ,0.000050 ,0.000052 ,0.000052 ,0.000054 ,0.000054 ,0.375202 ,0.385485 ,2024
美亚光电,4,0.000128 ,0.000128 ,0.000071 ,0.000071 ,0.000090 ,0.000090 ,0.000110 ,0.000110 ,0.999367 ,2.123971 ,0.000118 ,0.000118 ,0.000116 ,0.000116 ,2024
远程股份,2,0.000058 ,0.000058 ,0.000032 ,0.000032 ,0.999700 ,2.209719 ,0.000050 ,0.000050 ,0.000052 ,0.000052 ,0.000054 ,0.000054 ,0.000053 ,0.000053 ,2024
浙江世宝,1,0.000305 ,0.000305 ,0.503219 ,0.530396 ,0.000215 ,0.000215 ,0.000262 ,0.000262 ,0.000271 ,0.000271 ,0.495452 ,0.521227 ,0.000276 ,0.000276 ,2024
良信股份,6,0.000123 ,0.000123 ,0.000068 ,0.000068 ,0.000087 ,0.000087 ,0.000105 ,0.000105 ,0.000109 ,0.000109 ,0.000113 ,0.000113 ,0.999395 ,2.129422 ,2024
牧原股份,0,0.999707 ,2.211988 ,0.000034 ,0.000034 ,0.000043 ,0.000043 ,0.000052 ,0.000052 ,0.000054 ,0.000054 ,0.000056 ,0.000056 ,0.000055 ,0.000055 ,2024
登云股份,5,0.022639 ,0.022641 ,0.000047 ,0.000047 ,0.239747 ,0.242243 ,0.000072 ,0.000072 ,0.000075 ,0.000075 ,0.700811 ,0.791489 ,0.036609 ,0.036617 ,2024
小崧股份,6,0.000064 ,0.000064 ,0.000036 ,0.000036 ,0.000045 ,0.000045 ,0.271083 ,0.274745 ,0.000057 ,0.000057 ,0.000059 ,0.000059 ,0.728655 ,0.834805 ,2024
燕塘乳业,3,0.085821 ,0.085929 ,0.000047 ,0.000047 ,0.000059 ,0.000059 ,0.814319 ,0.987205 ,0.000075 ,0.000075 ,0.000077 ,0.000077 ,0.099602 ,0.099772 ,2024
王子新材,5,0.000119 ,0.000119 ,0.000066 ,0.000066 ,0.000084 ,0.000084 ,0.000102 ,0.000102 ,0.000105 ,0.000105 ,0.999418 ,2.133996 ,0.000107 ,0.000107 ,2024
国光股份,4,0.000086 ,0.000086 ,0.000048 ,0.000048 ,0.000061 ,0.000061 ,0.144050 ,0.144570 ,0.436981 ,0.453902 ,0.418696 ,0.433392 ,0.000078 ,0.000078 ,2024
永兴材料,3,0.222876 ,0.224866 ,0.000035 ,0.000035 ,0.000044 ,0.000044 ,0.776875 ,0.916301 ,0.000056 ,0.000056 ,0.000058 ,0.000058 ,0.000056 ,0.000057 ,2024
凤形股份,2,0.000119 ,0.000119 ,0.000066 ,0.000066 ,0.824211 ,1.007400 ,0.175280 ,0.176230 ,0.000106 ,0.000106 ,0.000110 ,0.000110 ,0.000108 ,0.000108 ,2024
汇洁股份,5,0.000188 ,0.000188 ,0.000104 ,0.000104 ,0.000133 ,0.000133 ,0.000161 ,0.000161 ,0.268837 ,0.272405 ,0.730407 ,0.837612 ,0.000170 ,0.000170 ,2024
蓝黛科技,5,0.005090 ,0.005090 ,0.000043 ,0.000043 ,0.000054 ,0.000054 ,0.000066 ,0.000066 ,0.000068 ,0.000068 ,0.994609 ,1.828265 ,0.000069 ,0.000069 ,2024
索菱股份,6,0.000201 ,0.000201 ,0.000111 ,0.000111 ,0.000142 ,0.000142 ,0.000172 ,0.000172 ,0.102468 ,0.102653 ,0.250161 ,0.253011 ,0.646745 ,0.713227 ,2024
众兴菌业,2,0.076124 ,0.076199 ,0.000056 ,0.000056 ,0.490030 ,0.514860 ,0.000087 ,0.000087 ,0.000090 ,0.000090 ,0.433521 ,0.450002 ,0.000091 ,0.000091 ,2024
快意电梯,6,0.000093 ,0.000093 ,0.000051 ,0.000051 ,0.000065 ,0.000065 ,0.000079 ,0.000079 ,0.000082 ,0.000082 ,0.000085 ,0.000085 ,0.999544 ,2.162466 ,2024
久远银海,4,0.000043 ,0.000043 ,0.485393 ,0.509435 ,0.000030 ,0.000030 ,0.000037 ,0.000037 ,0.514420 ,0.543725 ,0.000039 ,0.000039 ,0.000039 ,0.000039 ,2024
坚朗五金,4,0.280933 ,0.285029 ,0.000050 ,0.000050 ,0.000064 ,0.000064 ,0.000078 ,0.000078 ,0.512769 ,0.541752 ,0.000083 ,0.000083 ,0.206024 ,0.207585 ,2024
微光股份,0,0.999602 ,2.178003 ,0.000046 ,0.000046 ,0.000058 ,0.000058 ,0.000071 ,0.000071 ,0.000073 ,0.000073 ,0.000076 ,0.000076 ,0.000074 ,0.000074 ,2024
江阴银行,1,0.000037 ,0.000037 ,0.999803 ,2.254659 ,0.000026 ,0.000026 ,0.000032 ,0.000032 ,0.000033 ,0.000033 ,0.000034 ,0.000034 ,0.000034 ,0.000034 ,2024
路畅科技,2,0.000119 ,0.000119 ,0.000066 ,0.000066 ,0.329964 ,0.336774 ,0.000102 ,0.000102 ,0.262592 ,0.265906 ,0.164019 ,0.164794 ,0.243137 ,0.245745 ,2024
黄山胶囊,5,0.289093 ,0.293575 ,0.055239 ,0.055268 ,0.258481 ,0.261636 ,0.000206 ,0.000206 ,0.000213 ,0.000213 ,0.396552 ,0.408856 ,0.000216 ,0.000216 ,2024
富森美,2,0.000113 ,0.000113 ,0.000063 ,0.000063 ,0.999419 ,2.134300 ,0.000097 ,0.000097 ,0.000101 ,0.000101 ,0.000104 ,0.000104 ,0.000102 ,0.000102 ,2024
桂发祥,0,0.999540 ,2.161448 ,0.000053 ,0.000053 ,0.000067 ,0.000067 ,0.000082 ,0.000082 ,0.000085 ,0.000085 ,0.000088 ,0.000088 ,0.000086 ,0.000086 ,2024
凯莱英,5,0.000171 ,0.000171 ,0.000095 ,0.000095 ,0.000121 ,0.000121 ,0.000147 ,0.000147 ,0.000152 ,0.000152 ,0.999160 ,2.089634 ,0.000154 ,0.000154 ,2024
道恩股份,3,0.000085 ,0.000085 ,0.000047 ,0.000047 ,0.000060 ,0.000060 ,0.958450 ,1.430516 ,0.000075 ,0.000075 ,0.041207 ,0.041220 ,0.000076 ,0.000076 ,2024
张家港行,1,0.000082 ,0.000082 ,0.999570 ,2.169127 ,0.000058 ,0.000058 ,0.000070 ,0.000070 ,0.000072 ,0.000072 ,0.000075 ,0.000075 ,0.000074 ,0.000074 ,2024
道道全,0,0.999453 ,2.141330 ,0.000063 ,0.000063 ,0.000080 ,0.000080 ,0.000097 ,0.000097 ,0.000101 ,0.000101 ,0.000104 ,0.000104 ,0.000102 ,0.000102 ,2024
钧达股份,2,0.115953 ,0.116222 ,0.000068 ,0.000068 ,0.689749 ,0.774900 ,0.000106 ,0.000106 ,0.000109 ,0.000109 ,0.000113 ,0.000113 ,0.193901 ,0.195196 ,2024
香山股份,0,0.789807 ,0.939902 ,0.000038 ,0.000037 ,0.000048 ,0.000048 ,0.000058 ,0.000058 ,0.000060 ,0.000060 ,0.077875 ,0.077956 ,0.132114 ,0.132514 ,2024
长缆科技,2,0.000221 ,0.000221 ,0.000122 ,0.000122 ,0.404417 ,0.417535 ,0.000189 ,0.000189 ,0.000196 ,0.000196 ,0.276252 ,0.280138 ,0.318602 ,0.324695 ,2024
华阳集团,5,0.000222 ,0.000222 ,0.000123 ,0.000123 ,0.000157 ,0.000157 ,0.000191 ,0.000191 ,0.000198 ,0.000198 ,0.998908 ,2.056706 ,0.000201 ,0.000201 ,2024
集泰股份,5,0.000046 ,0.000046 ,0.000025 ,0.000025 ,0.000032 ,0.000032 ,0.000039 ,0.000039 ,0.000041 ,0.000041 ,0.999776 ,2.241039 ,0.000041 ,0.000041 ,2024
佛燃能源,4,0.387303 ,0.398698 ,0.000025 ,0.000025 ,0.000032 ,0.000032 ,0.121928 ,0.122241 ,0.490630 ,0.515562 ,0.000042 ,0.000042 ,0.000041 ,0.000041 ,2024
中新赛克,4,0.000026 ,0.000026 ,0.000015 ,0.000015 ,0.000019 ,0.000019 ,0.000023 ,0.000023 ,0.999869 ,2.296773 ,0.000024 ,0.000024 ,0.000024 ,0.000024 ,2024
深南电路,4,0.180416 ,0.181454 ,0.000047 ,0.000047 ,0.000060 ,0.000060 ,0.000073 ,0.000073 ,0.642512 ,0.707373 ,0.000079 ,0.000079 ,0.176811 ,0.177786 ,2024
伊戈尔,0,0.711129 ,0.807268 ,0.000053 ,0.000053 ,0.000067 ,0.000067 ,0.000082 ,0.000082 ,0.000085 ,0.000085 ,0.000088 ,0.000088 ,0.288495 ,0.292948 ,2024
新兴装备,5,0.000109 ,0.000109 ,0.000061 ,0.000061 ,0.000077 ,0.000077 ,0.000094 ,0.000094 ,0.323260 ,0.329640 ,0.604331 ,0.656056 ,0.072069 ,0.072133 ,2024
郑州银行,1,0.000039 ,0.000039 ,0.999794 ,2.249810 ,0.000028 ,0.000028 ,0.000034 ,0.000034 ,0.000035 ,0.000035 ,0.000036 ,0.000036 ,0.000035 ,0.000035 ,2024
华林证券,1,0.034125 ,0.034132 ,0.965659 ,1.475085 ,0.000036 ,0.000036 ,0.000043 ,0.000043 ,0.000045 ,0.000045 ,0.000046 ,0.000046 ,0.000046 ,0.000046 ,2024
恒铭达,6,0.000095 ,0.000095 ,0.000053 ,0.000053 ,0.000067 ,0.000067 ,0.000081 ,0.000081 ,0.103376 ,0.103566 ,0.314930 ,0.320803 ,0.581399 ,0.626385 ,2024
青岛银行,1,0.000024 ,0.000024 ,0.999876 ,2.302078 ,0.000017 ,0.000017 ,0.000020 ,0.000020 ,0.000021 ,0.000021 ,0.000022 ,0.000022 ,0.000021 ,0.000021 ,2024
